,movie_url
0,https://letterboxd.com/film/the-beanie-bubble/
1,https://letterboxd.com/film/cobweb-2023/
2,https://letterboxd.com/film/afire/
3,https://letterboxd.com/film/theater-camp-2023/
4,https://letterboxd.com/film/the-lesson-2023/
5,https://letterboxd.com/film/earth-mama/
6,https://letterboxd.com/film/biosphere-2022/
7,https://letterboxd.com/film/amanda-2022/
8,https://letterboxd.com/film/indiana-jones-and-the-dial-of-destiny/
9,https://letterboxd.com/film/may-december/
10,https://letterboxd.com/film/joy-ride-2023/
11,https://letterboxd.com/film/run-rabbit-run-2023/
12,https://letterboxd.com/film/surrounded-2023/
13,https://letterboxd.com/film/nimona-2023/
14,https://letterboxd.com/film/revoir-paris/
15,https://letterboxd.com/film/no-hard-feelings-2023/
16,https://letterboxd.com/film/maggie-moores/
17,https://letterboxd.com/film/extraction-2/
18,https://letterboxd.com/film/asteroid-city/
19,https://letterboxd.com/film/the-blackening/
20,https://letterboxd.com/film/the-flash/
21,https://letterboxd.com/film/aloners/
22,https://letterboxd.com/film/elemental-2023/
23,https://letterboxd.com/film/scarlet/
24,https://letterboxd.com/film/flamin-hot/
25,https://letterboxd.com/film/blue-jean/
26,https://letterboxd.com/film/the-worst-ones/
27,https://letterboxd.com/film/falcon-lake/
28,https://letterboxd.com/film/shin-kamen-rider/
29,https://letterboxd.com/film/padre-pio-2022/
30,https://letterboxd.com/film/past-lives/
31,https://letterboxd.com/film/spider-man-across-the-spider-verse/
32,https://letterboxd.com/film/extraction-2020/
33,https://letterboxd.com/film/influencer-2022/
34,https://letterboxd.com/film/will-o-the-wisp-2022/
35,https://letterboxd.com/film/spider-man-into-the-spider-verse/
36,https://letterboxd.com/film/the-boogeyman/
37,https://letterboxd.com/film/you-hurt-my-feelings-2023/
38,https://letterboxd.com/film/reality-2023/
39,https://letterboxd.com/film/a-nightmare-on-elm-street-3-dream-warriors/
40,https://letterboxd.com/film/the-little-mermaid-2023/
41,https://letterboxd.com/film/kandahar-2023/
42,https://letterboxd.com/film/sanctuary-2022/
43,https://letterboxd.com/film/master-gardener/
44,https://letterboxd.com/film/unfriended/
45,https://letterboxd.com/film/moon-garden/
46,https://letterboxd.com/film/the-cow-who-sang-a-song-into-the-future/
47,https://letterboxd.com/film/a-nightmare-on-elm-street-part-2-freddys-revenge/
48,https://letterboxd.com/film/limmensita/
49,https://letterboxd.com/film/a-nightmare-on-elm-street/
50,https://letterboxd.com/film/monica/
51,https://letterboxd.com/film/the-mother-2023/
52,https://letterboxd.com/film/blackberry-2023/
53,https://letterboxd.com/film/fools-paradise-2023/
54,https://letterboxd.com/film/rmn/
55,https://letterboxd.com/film/hypnotic-2023/
56,https://letterboxd.com/film/phantasm/
57,https://letterboxd.com/film/chile-76/
58,https://letterboxd.com/film/polite-society/
59,https://letterboxd.com/film/love-again-2023/
60,https://letterboxd.com/film/the-eight-mountains/
61,https://letterboxd.com/film/sisu-2022/
62,https://letterboxd.com/film/clock-2023/
63,https://letterboxd.com/film/creepshow-2/
64,https://letterboxd.com/film/creepshow/
65,https://letterboxd.com/film/peter-pan-wendy/
66,https://letterboxd.com/film/are-you-there-god-its-me-margaret/
67,https://letterboxd.com/film/somewhere-in-queens/
68,https://letterboxd.com/film/carmen-2022-1/
69,https://letterboxd.com/film/plan-75-2022/
70,https://letterboxd.com/film/evil-dead-rise/
71,https://letterboxd.com/film/the-covenant-2023/
72,https://letterboxd.com/film/ghosted-2023/
73,https://letterboxd.com/film/chevalier-2022/
74,https://letterboxd.com/film/the-plains/
75,https://letterboxd.com/film/hunger-2023/
76,https://letterboxd.com/film/sick-of-myself/
77,https://letterboxd.com/film/blind-willow-sleeping-woman/
78,https://letterboxd.com/film/renfield/
79,https://letterboxd.com/film/beau-is-afraid/
80,https://letterboxd.com/film/suzume/
81,https://letterboxd.com/film/joyland-2022/
82,https://letterboxd.com/film/mafia-mamma/
83,https://letterboxd.com/film/the-popes-exorcist/
84,https://letterboxd.com/film/showing-up-2022/
85,https://letterboxd.com/film/how-to-blow-up-a-pipeline/
86,https://letterboxd.com/film/air-2023/
87,https://letterboxd.com/film/oppenheimer-2023/
88,https://letterboxd.com/film/paint-2023/
89,https://letterboxd.com/film/the-super-mario-bros-movie/
90,https://letterboxd.com/film/tetris/
91,https://letterboxd.com/film/smoking-causes-coughing/
92,https://letterboxd.com/film/kill-boksoon/
93,https://letterboxd.com/film/madadayo/
94,https://letterboxd.com/film/rhapsody-in-august/
95,https://letterboxd.com/film/dreams/
96,https://letterboxd.com/film/rye-lane/
97,https://letterboxd.com/film/enys-men/
98,https://letterboxd.com/film/a-thousand-and-one/
99,https://letterboxd.com/film/spider-man-no-way-home/
100,https://letterboxd.com/film/dungeons-dragons-honor-among-thieves/
101,https://letterboxd.com/film/ran/
102,https://letterboxd.com/film/kagemusha/
103,https://letterboxd.com/film/dersu-uzala/
104,https://letterboxd.com/film/the-novelists-film/
105,https://letterboxd.com/film/tori-and-lokita/
106,https://letterboxd.com/film/the-lost-king/
107,https://letterboxd.com/film/dodeska-den/
108,https://letterboxd.com/film/red-beard/
109,https://letterboxd.com/film/high-and-low/
110,https://letterboxd.com/film/the-five-devils/
111,https://letterboxd.com/film/john-wick-chapter-4/
112,https://letterboxd.com/film/a-good-person-2023/
113,https://letterboxd.com/film/judy-blume-forever/
114,https://letterboxd.com/film/sanjuro/
115,https://letterboxd.com/film/the-talented-mr-ripley/
116,https://letterboxd.com/film/john-wick-chapter-3-parabellum/
117,https://letterboxd.com/film/yojimbo/
118,https://letterboxd.com/film/rodeo-2022/
119,https://letterboxd.com/film/the-bad-sleep-well/
120,https://letterboxd.com/film/the-red-river/
121,https://letterboxd.com/film/inside-2023/
122,https://letterboxd.com/film/the-hidden-fortress/
123,https://letterboxd.com/film/the-lower-depths-1957-4/
124,https://letterboxd.com/film/john-wick-chapter-2/
125,https://letterboxd.com/film/throne-of-blood/
126,https://letterboxd.com/film/boston-strangler/
127,https://letterboxd.com/film/barbie/
128,https://letterboxd.com/film/moving-on-2022-1/
129,https://letterboxd.com/film/65/
130,https://letterboxd.com/film/i-live-in-fear/
131,https://letterboxd.com/film/seven-samurai/
132,https://letterboxd.com/film/ikiru/
133,https://letterboxd.com/film/mission-impossible-dead-reckoning-part-one/
134,https://letterboxd.com/film/palm-trees-and-power-lines-2022/
135,https://letterboxd.com/film/operation-fortune-ruse-de-guerre/
136,https://letterboxd.com/film/the-idiot/
137,https://letterboxd.com/film/book-club-the-next-chapter/
138,https://letterboxd.com/film/book-club-2018/
139,https://letterboxd.com/film/creed-iii/
140,https://letterboxd.com/film/rashomon/
141,https://letterboxd.com/film/scandal/
142,https://letterboxd.com/film/the-integrity-of-joseph-chambers/
143,https://letterboxd.com/film/creed-ii/
144,https://letterboxd.com/film/linoleum/
145,https://letterboxd.com/film/gods-time/
146,https://letterboxd.com/film/mission-impossible-fallout/
147,https://letterboxd.com/film/stray-dog/
148,https://letterboxd.com/film/the-quiet-duel/
149,https://letterboxd.com/film/drunken-angel/
150,https://letterboxd.com/film/john-wick/
151,https://letterboxd.com/film/bruiser-2022/
152,https://letterboxd.com/film/cocaine-bear/
153,https://letterboxd.com/film/creed/
154,https://letterboxd.com/film/mission-impossible-rogue-nation/
155,https://letterboxd.com/film/return-to-seoul/
156,https://letterboxd.com/film/one-wonderful-sunday/
157,https://letterboxd.com/film/no-regrets-for-our-youth/
158,https://letterboxd.com/film/the-men-who-tread-on-the-tigers-tail/
159,https://letterboxd.com/film/mission-impossible-ghost-protocol/
160,https://letterboxd.com/film/pacifiction/
161,https://letterboxd.com/film/of-an-age/
162,https://letterboxd.com/film/huesera-the-bone-woman/
163,https://letterboxd.com/film/sanshiro-sugata-part-two/
164,https://letterboxd.com/film/mission-impossible-iii/
165,https://letterboxd.com/film/mission-impossible-ii/
166,https://letterboxd.com/film/the-most-beautiful/
167,https://letterboxd.com/film/sanshiro-sugata/
168,https://letterboxd.com/film/mission-impossible/
169,https://letterboxd.com/film/emily-2022/
170,https://letterboxd.com/film/marlowe-2022/
171,https://letterboxd.com/film/sharper/
172,https://letterboxd.com/film/the-ward/
173,https://letterboxd.com/film/the-outwaters/
174,https://letterboxd.com/film/the-blue-caftan/
175,https://letterboxd.com/film/full-time-2021/
176,https://letterboxd.com/film/cigarette-burns/
177,https://letterboxd.com/film/pro-life/
178,https://letterboxd.com/film/ghosts-of-mars/
179,https://letterboxd.com/film/vampires/
180,https://letterboxd.com/film/magic-mikes-last-dance/
181,https://letterboxd.com/film/80-for-brady/
182,https://letterboxd.com/film/knock-at-the-cabin/
183,https://letterboxd.com/film/the-fast-and-the-furious-tokyo-drift/
184,https://letterboxd.com/film/magic-mike-xxl/
185,https://letterboxd.com/film/escape-from-la/
186,https://letterboxd.com/film/village-of-the-damned-1995/
187,https://letterboxd.com/film/magic-mike/
188,https://letterboxd.com/film/in-the-mouth-of-madness/
189,https://letterboxd.com/film/2-fast-2-furious/
190,https://letterboxd.com/film/you-people-2023/
191,https://letterboxd.com/film/one-fine-morning-2022/
192,https://letterboxd.com/film/eternals/
193,https://letterboxd.com/film/the-fast-and-the-furious-2001/
194,https://letterboxd.com/film/cairo-conspiracy/
195,https://letterboxd.com/film/body-bags/
196,https://letterboxd.com/film/memoirs-of-an-invisible-man/
197,https://letterboxd.com/film/they-live/
198,https://letterboxd.com/film/shotgun-wedding-2022/
199,https://letterboxd.com/film/infinity-pool/
200,https://letterboxd.com/film/when-you-finish-saving-the-world/
201,https://letterboxd.com/film/prince-of-darkness/
202,https://letterboxd.com/film/big-trouble-in-little-china/
203,https://letterboxd.com/film/starman/
204,https://letterboxd.com/film/blaze-2022/
205,https://letterboxd.com/film/missing-2023/
206,https://letterboxd.com/film/sick-2022/
207,https://letterboxd.com/film/alice-darling/
208,https://letterboxd.com/film/christine-1983/
209,https://letterboxd.com/film/the-thing/
210,https://letterboxd.com/film/escape-from-new-york/
211,https://letterboxd.com/film/skinamarink/
212,https://letterboxd.com/film/plane-2023/
213,https://letterboxd.com/film/a-man-called-otto/
214,https://letterboxd.com/film/the-fog/
215,https://letterboxd.com/film/evil-dead/
216,https://letterboxd.com/film/elvis/
217,https://letterboxd.com/film/m3gan/
218,https://letterboxd.com/film/halloween-1978/
219,https://letterboxd.com/film/someones-watching-me/
220,https://letterboxd.com/film/army-of-darkness/
221,https://letterboxd.com/film/assault-on-precinct-13/
222,https://letterboxd.com/film/dark-star/
223,https://letterboxd.com/film/evil-dead-ii/
224,https://letterboxd.com/film/saint-omer/
225,https://letterboxd.com/film/gangubai-kathiawadi/
226,https://letterboxd.com/film/dark-glasses/
227,https://letterboxd.com/film/alcarras/
228,https://letterboxd.com/film/broker-2022/
229,https://letterboxd.com/film/the-evil-dead/
230,https://letterboxd.com/film/white-noise-2022/
231,https://letterboxd.com/film/mars-one/
232,https://letterboxd.com/film/the-pale-blue-eye/
233,https://letterboxd.com/film/roald-dahls-matilda-the-musical/
234,https://letterboxd.com/film/no-bears/
235,https://letterboxd.com/film/corsage/
236,https://letterboxd.com/film/i-wanna-dance-with-somebody/
237,https://letterboxd.com/film/christmas-bloody-christmas/
238,https://letterboxd.com/film/spoiler-alert-2022/
239,https://letterboxd.com/film/the-eternal-daughter/
240,https://letterboxd.com/film/emancipation-2022/
241,https://letterboxd.com/film/violent-night/
242,https://letterboxd.com/film/a-wounded-fawn/
243,https://letterboxd.com/film/troll-2022/
244,https://letterboxd.com/film/the-son-2022/
245,https://letterboxd.com/film/strange-world-2022/
246,https://letterboxd.com/film/nanny-2022/
247,https://letterboxd.com/film/devotion-2022/
248,https://letterboxd.com/film/baby-assassins/
249,https://letterboxd.com/film/the-menu-2022/
250,https://letterboxd.com/film/funny-pages/
251,https://letterboxd.com/film/the-inspection/
252,https://letterboxd.com/film/bones-and-all/
253,https://letterboxd.com/film/she-said-2022/
254,https://letterboxd.com/film/disenchanted/
255,https://letterboxd.com/film/weird-the-al-yankovic-story-2022/
256,https://letterboxd.com/film/something-in-the-dirt/
257,https://letterboxd.com/film/gods-creatures/
258,https://letterboxd.com/film/next-exit-2022/
259,https://letterboxd.com/film/please-baby-please/
260,https://letterboxd.com/film/my-fathers-dragon/
261,https://letterboxd.com/film/the-wonder/
262,https://letterboxd.com/film/holy-spider/
263,https://letterboxd.com/film/run-sweetheart-run/
264,https://letterboxd.com/film/armageddon-time/
265,https://letterboxd.com/film/call-jane/
266,https://letterboxd.com/film/wendell-wild/
267,https://letterboxd.com/film/my-policeman/
268,https://letterboxd.com/film/ticket-to-paradise-2022/
269,https://letterboxd.com/film/black-adam/
270,https://letterboxd.com/film/the-stranger-2022/
271,https://letterboxd.com/film/empire-of-light/
272,https://letterboxd.com/film/bardo-false-chronicle-of-a-handful-of-truths/
273,https://letterboxd.com/film/scream-vi/
274,https://letterboxd.com/film/babylon-2022/
275,https://letterboxd.com/film/living-2022/
276,https://letterboxd.com/film/the-school-for-good-and-evil/
277,https://letterboxd.com/film/the-quiet-girl/
278,https://letterboxd.com/film/all-the-beauty-and-the-bloodshed/
279,https://letterboxd.com/film/close-2022/
280,https://letterboxd.com/film/the-whale-2022/
281,https://letterboxd.com/film/till/
282,https://letterboxd.com/film/the-fabelmans/
283,https://letterboxd.com/film/women-talking/
284,https://letterboxd.com/film/the-good-nurse/
285,https://letterboxd.com/film/to-leslie/
286,https://letterboxd.com/film/a-house-made-of-splinters/
287,https://letterboxd.com/film/stars-at-noon/
288,https://letterboxd.com/film/decision-to-leave/
289,https://letterboxd.com/film/piggy-2022/
290,https://letterboxd.com/film/eo/
291,https://letterboxd.com/film/hellraiser-2022/
292,https://letterboxd.com/film/amsterdam-2022/
293,https://letterboxd.com/film/all-my-friends-hate-me/
294,https://letterboxd.com/film/vesper-2022/
295,https://letterboxd.com/film/mona-lisa-and-the-blood-moon/
296,https://letterboxd.com/film/the-munsters/
297,https://letterboxd.com/film/the-greatest-beer-run-ever/
298,https://letterboxd.com/film/dead-for-a-dollar/
299,https://letterboxd.com/film/smile-2022/
300,https://letterboxd.com/film/bros/
301,https://letterboxd.com/film/argentina-1985/
302,https://letterboxd.com/film/guillermo-del-toros-pinocchio/
303,https://letterboxd.com/film/dont-worry-darling/
304,https://letterboxd.com/film/the-silent-twins-2022/
305,https://letterboxd.com/film/pearl-2022/
306,https://letterboxd.com/film/triangle-of-sadness/
307,https://letterboxd.com/film/see-how-they-run-2022/
308,https://letterboxd.com/film/gods-country-2022/
309,https://letterboxd.com/film/all-that-breathes/
310,https://letterboxd.com/film/glass-onion/
311,https://letterboxd.com/film/the-african-desperate/
312,https://letterboxd.com/film/shang-chi-and-the-legend-of-the-ten-rings/
313,https://letterboxd.com/film/confess-fletch/
314,https://letterboxd.com/film/blonde-2022/
315,https://letterboxd.com/film/knives-out-2019/
316,https://letterboxd.com/film/the-woman-king/
317,https://letterboxd.com/film/aftersun/
318,https://letterboxd.com/film/house-of-darkness-2022/
319,https://letterboxd.com/film/speak-no-evil-2022/
320,https://letterboxd.com/film/black-panther-wakanda-forever/
321,https://letterboxd.com/film/athena-2022-1/
322,https://letterboxd.com/film/causeway/
323,https://letterboxd.com/film/all-quiet-on-the-western-front-2022/
324,https://letterboxd.com/film/saloum/
325,https://letterboxd.com/film/puss-in-boots-the-last-wish/
326,https://letterboxd.com/film/do-revenge/
327,https://letterboxd.com/film/black-widow-2021/
328,https://letterboxd.com/film/the-banshees-of-inisherin/
329,https://letterboxd.com/film/tar-2022/
330,https://letterboxd.com/film/navalny/
331,https://letterboxd.com/film/pinocchio-2022/
332,https://letterboxd.com/film/mrs-harris-goes-to-paris/
333,https://letterboxd.com/film/private-desert/
334,https://letterboxd.com/film/blind-ambition-2021/
335,https://letterboxd.com/film/honk-for-jesus-save-your-soul-2022/
336,https://letterboxd.com/film/the-good-boss/
337,https://letterboxd.com/film/breaking-2022/
338,https://letterboxd.com/film/three-thousand-years-of-longing/
339,https://letterboxd.com/film/spin-me-round/
340,https://letterboxd.com/film/orphan-first-kill/
341,https://letterboxd.com/film/beast-2022-1/
342,https://letterboxd.com/film/emily-the-criminal/
343,https://letterboxd.com/film/day-shift-2022/
344,https://letterboxd.com/film/inu-oh/
345,https://letterboxd.com/film/avatar-the-way-of-water/
346,https://letterboxd.com/film/fall-2022/
347,https://letterboxd.com/film/medusa-2021/
348,https://letterboxd.com/film/prey-2022/
349,https://letterboxd.com/film/bullet-train/
350,https://letterboxd.com/film/bodies-bodies-bodies/
351,https://letterboxd.com/film/thirteen-lives/
352,https://letterboxd.com/film/sharp-stick/
353,https://letterboxd.com/film/resurrection-2022/
354,https://letterboxd.com/film/paradise-highway/
355,https://letterboxd.com/film/not-okay/
356,https://letterboxd.com/film/hypochondriac-2022/
357,https://letterboxd.com/film/a-love-song/
358,https://letterboxd.com/film/vengeance-2022/
359,https://letterboxd.com/film/nope/
360,https://letterboxd.com/film/my-old-school/
361,https://letterboxd.com/film/the-gray-man-2022/
362,https://letterboxd.com/film/mrs-harris-goes-to-paris/
363,https://letterboxd.com/film/the-sea-beast-2022/
364,https://letterboxd.com/film/both-sides-of-the-blade/
365,https://letterboxd.com/film/fire-of-love-2022/
366,https://letterboxd.com/film/the-princess-2022-1/
367,https://letterboxd.com/film/the-forgiven-2022-1/
368,https://letterboxd.com/film/clara-sola/
369,https://letterboxd.com/film/marcel-the-shell-with-shoes-on-2021/
370,https://letterboxd.com/film/apples/
371,https://letterboxd.com/film/flux-gourmet/
372,https://letterboxd.com/film/elvis-2022/
373,https://letterboxd.com/film/miracle-on-34th-street/
374,https://letterboxd.com/film/spirited/
375,https://letterboxd.com/film/falling-for-christmas/
376,https://letterboxd.com/film/its-a-wonderful-life/
377,https://letterboxd.com/film/the-black-phone/
378,https://letterboxd.com/film/spiderhead/
379,https://letterboxd.com/film/official-competition/
380,https://letterboxd.com/film/jerry-marge-go-large/
381,https://letterboxd.com/film/good-luck-to-you-leo-grande/
382,https://letterboxd.com/film/cha-cha-real-smooth/
383,https://letterboxd.com/film/mad-god/
384,https://letterboxd.com/film/hustle-2022/
385,https://letterboxd.com/film/lightyear-2022/
386,https://letterboxd.com/film/jurassic-world-dominion/
387,https://letterboxd.com/film/vikram-2022/
388,https://letterboxd.com/film/neptune-frost/
389,https://letterboxd.com/film/fire-island-2022/
390,https://letterboxd.com/film/jurassic-world-fallen-kingdom/
391,https://letterboxd.com/film/to-chiara/
392,https://letterboxd.com/film/emergency-2022/
393,https://letterboxd.com/film/pleasure-2021/
394,https://letterboxd.com/film/on-the-count-of-three/
395,https://letterboxd.com/film/the-innocents-2021/
396,https://letterboxd.com/film/chip-n-dale-rescue-rangers/
397,https://letterboxd.com/film/men-2022/
398,https://letterboxd.com/film/firestarter-1/
399,https://letterboxd.com/film/the-house-2022-1/
400,https://letterboxd.com/film/spider-man-far-from-home/
401,https://letterboxd.com/film/costa-brava-lebanon/
402,https://letterboxd.com/film/firebird-2021/
403,https://letterboxd.com/film/hatching/
404,https://letterboxd.com/film/vortex-2021/
405,https://letterboxd.com/film/the-unbearable-weight-of-massive-talent/
406,https://letterboxd.com/film/the-northman/
407,https://letterboxd.com/film/all-the-old-knives/
408,https://letterboxd.com/film/ambulance-2022/
409,https://letterboxd.com/film/you-wont-be-alone/
410,https://letterboxd.com/film/avengers-endgame/
411,https://letterboxd.com/film/apollo-10-a-space-age-childhood/
412,https://letterboxd.com/film/the-contractor-2022/
413,https://letterboxd.com/film/everything-everywhere-all-at-once/
414,https://letterboxd.com/film/the-lost-city-2022/
415,https://letterboxd.com/film/rrr/
416,https://letterboxd.com/film/master-2022/
417,https://letterboxd.com/film/altered-states/
418,https://letterboxd.com/film/captain-marvel/
419,https://letterboxd.com/film/umma-2022/
420,https://letterboxd.com/film/alice-2022/
421,https://letterboxd.com/film/x-2022/
422,https://letterboxd.com/film/ultrasound/
423,https://letterboxd.com/film/deep-water-2022/
424,https://letterboxd.com/film/7-women/
425,https://letterboxd.com/film/cheyenne-autumn/
426,https://letterboxd.com/film/donovans-reef/
427,https://letterboxd.com/film/turning-red/
428,https://letterboxd.com/film/no-exit-2022/
429,https://letterboxd.com/film/benediction/
430,https://letterboxd.com/film/how-the-west-was-won/
431,https://letterboxd.com/film/the-man-who-shot-liberty-valance/
432,https://letterboxd.com/film/two-rode-together/
433,https://letterboxd.com/film/barbarian-2022/
434,https://letterboxd.com/film/texas-chainsaw-massacre/
435,https://letterboxd.com/film/the-texas-chain-saw-massacre/
436,https://letterboxd.com/film/strawberry-mansion/
437,https://letterboxd.com/film/sergeant-rutledge/
438,https://letterboxd.com/film/the-horse-soldiers/
439,https://letterboxd.com/film/gideons-day/
440,https://letterboxd.com/film/the-long-walk-2019/
441,https://letterboxd.com/film/i-want-you-back/
442,https://letterboxd.com/film/catch-the-fair-one/
443,https://letterboxd.com/film/the-last-hurrah/
444,https://letterboxd.com/film/the-rising-of-the-moon/
445,https://letterboxd.com/film/the-wings-of-eagles/
446,https://letterboxd.com/film/halloween-ends/
447,https://letterboxd.com/film/death-on-the-nile-2022/
448,https://letterboxd.com/film/the-fallout/
449,https://letterboxd.com/film/saw/
450,https://letterboxd.com/film/fresh-2022/
451,https://letterboxd.com/film/the-searchers/
452,https://letterboxd.com/film/mister-roberts/
453,https://letterboxd.com/film/the-long-gray-line/
454,https://letterboxd.com/film/marry-me-2022/
455,https://letterboxd.com/film/see-for-me/
456,https://letterboxd.com/film/uncharted-2022/
457,https://letterboxd.com/film/mogambo/
458,https://letterboxd.com/film/the-sun-shines-bright/
459,https://letterboxd.com/film/what-price-glory/
460,https://letterboxd.com/film/kimi/
461,https://letterboxd.com/film/dual-2022/
462,https://letterboxd.com/film/the-pink-cloud/
463,https://letterboxd.com/film/the-quiet-man/
464,https://letterboxd.com/film/rio-grande/
465,https://letterboxd.com/film/wagon-master/
466,https://letterboxd.com/film/ant-man-and-the-wasp/
467,https://letterboxd.com/film/after-yang/
468,https://letterboxd.com/film/king-car/
469,https://letterboxd.com/film/moonfall/
470,https://letterboxd.com/film/when-willie-comes-marching-home/
471,https://letterboxd.com/film/she-wore-a-yellow-ribbon/
472,https://letterboxd.com/film/3-godfathers/
473,https://letterboxd.com/film/were-all-going-to-the-worlds-fair/
474,https://letterboxd.com/film/lamb-2021/
475,https://letterboxd.com/film/fort-apache/
476,https://letterboxd.com/film/halloween-kills/
477,https://letterboxd.com/film/the-fugitive/
478,https://letterboxd.com/film/my-darling-clementine/
479,https://letterboxd.com/film/the-novice/
480,https://letterboxd.com/film/wild-indian/
481,https://letterboxd.com/film/halloween-2018/
482,https://letterboxd.com/film/the-harder-they-fall-2021/
483,https://letterboxd.com/film/they-were-expendable/
484,https://letterboxd.com/film/how-green-was-my-valley/
485,https://letterboxd.com/film/tobacco-road/
486,https://letterboxd.com/film/fear-street-1666/
487,https://letterboxd.com/film/fear-street-1978/
488,https://letterboxd.com/film/fear-street-1994/
489,https://letterboxd.com/film/zeros-and-ones/
490,https://letterboxd.com/film/the-souvenir-part-ii/
491,https://letterboxd.com/film/candyman-2021/
492,https://letterboxd.com/film/the-long-voyage-home/
493,https://letterboxd.com/film/test-pattern/
494,https://letterboxd.com/film/the-grapes-of-wrath/
495,https://letterboxd.com/film/drums-along-the-mohawk/
496,https://letterboxd.com/film/master-2021/
497,https://letterboxd.com/film/no-sudden-move/
498,https://letterboxd.com/film/ema/
499,https://letterboxd.com/film/young-mr-lincoln/
500,https://letterboxd.com/film/stagecoach/
501,https://letterboxd.com/film/submarine-patrol/
502,https://letterboxd.com/film/cliff-walkers/
503,https://letterboxd.com/film/tom-clancys-without-remorse/
504,https://letterboxd.com/film/preparations-to-be-together-for-an-unknown-period-of-time/
505,https://letterboxd.com/film/the-killing-of-two-lovers/
506,https://letterboxd.com/film/four-men-and-a-prayer/
507,https://letterboxd.com/film/the-hurricane-1937/
508,https://letterboxd.com/film/the-princess-and-the-frog/
509,https://letterboxd.com/film/wee-willie-winkie/
510,https://letterboxd.com/film/nine-days/
511,https://letterboxd.com/film/about-endlessness/
512,https://letterboxd.com/film/avengers-infinity-war/
513,https://letterboxd.com/film/identifying-features/
514,https://letterboxd.com/film/the-plough-and-the-stars/
515,https://letterboxd.com/film/mary-of-scotland/
516,https://letterboxd.com/film/the-prisoner-of-shark-island/
517,https://letterboxd.com/film/mass-2021/
518,https://letterboxd.com/film/writing-with-fire/
519,https://letterboxd.com/film/hit-the-road-2021/
520,https://letterboxd.com/film/compartment-no-6/
521,https://letterboxd.com/film/steamboat-round-the-bend/
522,https://letterboxd.com/film/the-informer/
523,https://letterboxd.com/film/the-whole-towns-talking/
524,https://letterboxd.com/film/red-notice/
525,https://letterboxd.com/film/cyrano-2021/
526,https://letterboxd.com/film/land-2021/
527,https://letterboxd.com/film/wrath-of-man/
528,https://letterboxd.com/film/event-horizon/
529,https://letterboxd.com/film/black-panther/
530,https://letterboxd.com/film/candyman/
531,https://letterboxd.com/film/petite-maman/
532,https://letterboxd.com/film/thor-ragnarok/
533,https://letterboxd.com/film/im-your-man-2021/
534,https://letterboxd.com/film/judge-priest/
535,https://letterboxd.com/film/the-world-moves-on/
536,https://letterboxd.com/film/the-lost-patrol/
537,https://letterboxd.com/film/doctor-bull/
538,https://letterboxd.com/film/pilgrimage-1933/
539,https://letterboxd.com/film/flesh-1932/
540,https://letterboxd.com/film/air-mail/
541,https://letterboxd.com/film/arrowsmith/
542,https://letterboxd.com/film/halloween-ii/
543,https://letterboxd.com/film/the-brat-1931/
544,https://letterboxd.com/film/seas-beneath/
545,https://letterboxd.com/film/up-the-river/
546,https://letterboxd.com/film/the-metamorphosis-of-birds/
547,https://letterboxd.com/film/spider-man-homecoming/
548,https://letterboxd.com/film/beginning-2020/
549,https://letterboxd.com/film/guardians-of-the-galaxy-vol-2/
550,https://letterboxd.com/film/crimes-of-the-future-2022/
551,https://letterboxd.com/film/top-gun-maverick/
552,https://letterboxd.com/film/born-reckless/
553,https://letterboxd.com/film/men-without-women/
554,https://letterboxd.com/film/salute-1929/
555,https://letterboxd.com/film/those-who-wish-me-dead/
556,https://letterboxd.com/film/belle-2021/
557,https://letterboxd.com/film/sinister/
558,https://letterboxd.com/film/benedetta/
559,https://letterboxd.com/film/doctor-strange-2016/
560,https://letterboxd.com/film/the-black-watch/
561,https://letterboxd.com/film/riley-the-cop/
562,https://letterboxd.com/film/hangmans-house/
563,https://letterboxd.com/film/captain-america-civil-war/
564,https://letterboxd.com/film/top-gun/
565,https://letterboxd.com/film/four-sons/
566,https://letterboxd.com/film/red-rocket-2021/
567,https://letterboxd.com/film/together-together/
568,https://letterboxd.com/film/ant-man/
569,https://letterboxd.com/film/azor/
570,https://letterboxd.com/film/avengers-age-of-ultron/
571,https://letterboxd.com/film/upstream/
572,https://letterboxd.com/film/3-bad-men/
573,https://letterboxd.com/film/the-shamrock-handicap/
574,https://letterboxd.com/film/guardians-of-the-galaxy/
575,https://letterboxd.com/film/what-do-we-see-when-we-look-at-the-sky/
576,https://letterboxd.com/film/captain-america-the-winter-soldier/
577,https://letterboxd.com/film/the-velvet-underground-2021/
578,https://letterboxd.com/film/kentucky-pride/
579,https://letterboxd.com/film/lightnin/
580,https://letterboxd.com/film/the-iron-horse/
581,https://letterboxd.com/film/the-green-knight/
582,https://letterboxd.com/film/pebbles/
583,https://letterboxd.com/film/great-freedom/
584,https://letterboxd.com/film/just-pals/
585,https://letterboxd.com/film/hell-bent-1918/
586,https://letterboxd.com/film/bucking-broadway/
587,https://letterboxd.com/film/straight-shooting/
588,https://letterboxd.com/film/the-humans/
589,https://letterboxd.com/film/memoria-2011/
590,https://letterboxd.com/film/el-planeta/
591,https://letterboxd.com/film/space-sweepers/
592,https://letterboxd.com/film/eros/
593,https://letterboxd.com/film/beyond-the-clouds/
594,https://letterboxd.com/film/identification-of-a-woman/
595,https://letterboxd.com/film/the-mystery-of-oberwald/
596,https://letterboxd.com/film/the-souvenir/
597,https://letterboxd.com/film/sator/
598,https://letterboxd.com/film/a-hero/
599,https://letterboxd.com/film/the-passenger/
600,https://letterboxd.com/film/zabriskie-point/
601,https://letterboxd.com/film/blow-up/
602,https://letterboxd.com/film/the-night-house/
603,https://letterboxd.com/film/the-tender-bar/
604,https://letterboxd.com/film/the-last-duel-2021/
605,https://letterboxd.com/film/the-vigil/
606,https://letterboxd.com/film/red-desert/
607,https://letterboxd.com/film/swan-song-2021-1/
608,https://letterboxd.com/film/leclisse/
609,https://letterboxd.com/film/la-notte/
610,https://letterboxd.com/film/psycho-goreman/
611,https://letterboxd.com/film/house-of-gucci/
612,https://letterboxd.com/film/the-batman/
613,https://letterboxd.com/film/moffie/
614,https://letterboxd.com/film/the-world-to-come/
615,https://letterboxd.com/film/lavventura/
616,https://letterboxd.com/film/il-grido/
617,https://letterboxd.com/film/le-amiche/
618,https://letterboxd.com/film/old-2021/
619,https://letterboxd.com/film/faya-dayi/
620,https://letterboxd.com/film/in-the-earth/
621,https://letterboxd.com/film/the-lady-without-camelias/
622,https://letterboxd.com/film/the-vanquished-1953/
623,https://letterboxd.com/film/story-of-a-love-affair/
624,https://letterboxd.com/film/the-worst-person-in-the-world/
625,https://letterboxd.com/film/cmon-cmon/
626,https://letterboxd.com/film/last-night-in-soho/
627,https://letterboxd.com/film/the-hand-of-god/
628,https://letterboxd.com/film/the-beta-test/
629,https://letterboxd.com/film/lunana-a-yak-in-the-classroom/
630,https://letterboxd.com/film/luca-2021/
631,https://letterboxd.com/film/wheel-of-fortune-and-fantasy/
632,https://letterboxd.com/film/drive-my-car/
633,https://letterboxd.com/film/bergman-island-2021/
634,https://letterboxd.com/film/belfast/
635,https://letterboxd.com/film/annette/
636,https://letterboxd.com/film/this-is-not-a-burial-its-a-resurrection/
637,https://letterboxd.com/film/in-the-heights/
638,https://letterboxd.com/film/holler-2020/
639,https://letterboxd.com/film/riders-of-justice/
640,https://letterboxd.com/film/bad-luck-banging-or-loony-porn/
641,https://letterboxd.com/film/raya-and-the-last-dragon/
642,https://letterboxd.com/film/flee-2021/
643,https://letterboxd.com/film/the-tragedy-of-macbeth/
644,https://letterboxd.com/film/attica-2021/
645,https://letterboxd.com/film/titane/
646,https://letterboxd.com/film/come-true/
647,https://letterboxd.com/film/the-disciple-2020/
648,https://letterboxd.com/film/summer-of-soul-or-when-the-revolution-could-not-be-televised/
649,https://letterboxd.com/film/ascension-2021/
650,https://letterboxd.com/film/the-woman-who-ran/
651,https://letterboxd.com/film/encanto/
652,https://letterboxd.com/film/cry-macho/
653,https://letterboxd.com/film/west-side-story-2021/
654,https://letterboxd.com/film/the-card-counter/
655,https://letterboxd.com/film/cryptozoo/
656,https://letterboxd.com/film/ready-player-one/
657,https://letterboxd.com/film/the-post-2017/
658,https://letterboxd.com/film/nightmare-alley-2021/
659,https://letterboxd.com/film/i-was-a-simple-man/
660,https://letterboxd.com/film/licorice-pizza/
661,https://letterboxd.com/film/slalom/
662,https://letterboxd.com/film/the-bfg-2016/
663,https://letterboxd.com/film/bridge-of-spies/
664,https://letterboxd.com/film/lincoln/
665,https://letterboxd.com/film/halloween/
666,https://letterboxd.com/film/the-eyes-of-tammy-faye-2021/
667,https://letterboxd.com/film/bad-trip-2021/
668,https://letterboxd.com/film/the-lost-daughter-2021/
669,https://letterboxd.com/film/war-horse/
670,https://letterboxd.com/film/the-adventures-of-tintin/
671,https://letterboxd.com/film/indiana-jones-and-the-kingdom-of-the-crystal-skull/
672,https://letterboxd.com/film/the-mitchells-vs-the-machines/
673,https://letterboxd.com/film/coda-2021/
674,https://letterboxd.com/film/being-the-ricardos/
675,https://letterboxd.com/film/parallel-mothers/
676,https://letterboxd.com/film/munich/
677,https://letterboxd.com/film/war-of-the-worlds/
678,https://letterboxd.com/film/the-terminal/
679,https://letterboxd.com/film/scream-2022/
680,https://letterboxd.com/film/passing-2021/
681,https://letterboxd.com/film/zola/
682,https://letterboxd.com/film/the-french-dispatch/
683,https://letterboxd.com/film/catch-me-if-you-can-2002/
684,https://letterboxd.com/film/minority-report/
685,https://letterboxd.com/film/ai-artificial-intelligence/
686,https://letterboxd.com/film/tick-tick-boom-2021/
687,https://letterboxd.com/film/censor-2021/
688,https://letterboxd.com/film/the-power-of-the-dog/
689,https://letterboxd.com/film/saving-private-ryan/
690,https://letterboxd.com/film/amistad/
691,https://letterboxd.com/film/the-lost-world-jurassic-park/
692,https://letterboxd.com/film/the-matrix-resurrections/
693,https://letterboxd.com/film/barb-star-go-to-vista-del-mar/
694,https://letterboxd.com/film/pig-2021/
695,https://letterboxd.com/film/dont-look-up-2021/
696,https://letterboxd.com/film/schindlers-list/
697,https://letterboxd.com/film/jurassic-park/
698,https://letterboxd.com/film/hook/
699,https://letterboxd.com/film/its-a-wonderful-life/
700,https://letterboxd.com/film/spencer-2021/
701,https://letterboxd.com/film/shiva-baby-2020/
702,https://letterboxd.com/film/single-all-the-way/
703,https://letterboxd.com/film/indiana-jones-and-the-last-crusade/
704,https://letterboxd.com/film/always/
705,https://letterboxd.com/film/the-matrix-revolutions/
706,https://letterboxd.com/film/empire-of-the-sun/
707,https://letterboxd.com/film/the-matrix-reloaded/
708,https://letterboxd.com/film/king-richard/
709,https://letterboxd.com/film/the-matrix/
710,https://letterboxd.com/film/the-color-purple/
711,https://letterboxd.com/film/indiana-jones-and-the-temple-of-doom/
712,https://letterboxd.com/film/twilight-zone-the-movie/
713,https://letterboxd.com/film/saint-maud/
714,https://letterboxd.com/film/the-wolf-house/
715,https://letterboxd.com/film/halloween-resurrection/
716,https://letterboxd.com/film/deerskin/
717,https://letterboxd.com/film/et-the-extra-terrestrial/
718,https://letterboxd.com/film/raiders-of-the-lost-ark/
719,https://letterboxd.com/film/1941/
720,https://letterboxd.com/film/emma-2020/
721,https://letterboxd.com/film/the-wild-goose-lake/
722,https://letterboxd.com/film/french-exit-2020/
723,https://letterboxd.com/film/close-encounters-of-the-third-kind/
724,https://letterboxd.com/film/jaws/
725,https://letterboxd.com/film/halloween-h20-20-years-later/
726,https://letterboxd.com/film/the-sugarland-express/
727,https://letterboxd.com/film/duel/
728,https://letterboxd.com/film/tigertail/
729,https://letterboxd.com/film/the-empty-man/
730,https://letterboxd.com/film/the-steamroller-and-the-violin/
731,https://letterboxd.com/film/night-of-the-kings/
732,https://letterboxd.com/film/the-sacrifice/
733,https://letterboxd.com/film/halloween-the-curse-of-michael-myers/
734,https://letterboxd.com/film/fourteen-2019/
735,https://letterboxd.com/film/voyage-in-time/
736,https://letterboxd.com/film/halloween-5-the-revenge-of-michael-myers/
737,https://letterboxd.com/film/nostalgia-1983/
738,https://letterboxd.com/film/halloween-4-the-return-of-michael-myers/
739,https://letterboxd.com/film/stalker/
740,https://letterboxd.com/film/dune-2021/
741,https://letterboxd.com/film/halloween-iii-season-of-the-witch/
742,https://letterboxd.com/film/on-the-rocks-2020/
743,https://letterboxd.com/film/mirror/
744,https://letterboxd.com/film/halloween-ii-1981/
745,https://letterboxd.com/film/solaris/
746,https://letterboxd.com/film/halloween-1978/
747,https://letterboxd.com/film/andrei-rublev/
748,https://letterboxd.com/film/undine-2020/
749,https://letterboxd.com/film/ivans-childhood/
750,https://letterboxd.com/film/love-and-monsters/
751,https://letterboxd.com/film/hellraiser/
752,https://letterboxd.com/film/the-lodge-2019/
753,https://letterboxd.com/film/ammonite/
754,https://letterboxd.com/film/vitalina-varela/
755,https://letterboxd.com/film/la-llorona-2019/
756,https://letterboxd.com/film/the-hand-2004/
757,https://letterboxd.com/film/the-grandmaster/
758,https://letterboxd.com/film/my-blueberry-nights/
759,https://letterboxd.com/film/the-platform/
760,https://letterboxd.com/film/im-thinking-of-ending-things/
761,https://letterboxd.com/film/news-of-the-world/
762,https://letterboxd.com/film/2046/
763,https://letterboxd.com/film/in-the-mood-for-love/
764,https://letterboxd.com/film/happy-together-1997/
765,https://letterboxd.com/film/wolfwalkers/
766,https://letterboxd.com/film/the-forty-year-old-version/
767,https://letterboxd.com/film/his-house/
768,https://letterboxd.com/film/fallen-angels/
769,https://letterboxd.com/film/chungking-express/
770,https://letterboxd.com/film/malignant-2021/
771,https://letterboxd.com/film/ashes-of-time/
772,https://letterboxd.com/film/kajillionaire/
773,https://letterboxd.com/film/boys-state/
774,https://letterboxd.com/film/ah-fei-jing-juen/
775,https://letterboxd.com/film/as-tears-go-by/
776,https://letterboxd.com/film/the-other-side-of-the-wind/
777,https://letterboxd.com/film/radioactive/
778,https://letterboxd.com/film/she-dies-tomorrow/
779,https://letterboxd.com/film/filming-othello/
780,https://letterboxd.com/film/f-for-fake/
781,https://letterboxd.com/film/the-immortal-story/
782,https://letterboxd.com/film/babyteeth/
783,https://letterboxd.com/film/mr-jones-2019/
784,https://letterboxd.com/film/chimes-at-midnight/
785,https://letterboxd.com/film/the-trial/
786,https://letterboxd.com/film/touch-of-evil/
787,https://letterboxd.com/film/driveways/
788,https://letterboxd.com/film/the-ghost-of-peter-sellers/
789,https://letterboxd.com/film/mr-arkadin/
790,https://letterboxd.com/film/othello-1951/
791,https://letterboxd.com/film/macbeth/
792,https://letterboxd.com/film/lucky-grandma/
793,https://letterboxd.com/film/im-no-longer-here/
794,https://letterboxd.com/film/the-invisible-man-2020/
795,https://letterboxd.com/film/the-vast-of-night/
796,https://letterboxd.com/film/the-painter-and-the-thief-2020/
797,https://letterboxd.com/film/the-half-of-it/
798,https://letterboxd.com/film/the-sharks/
799,https://letterboxd.com/film/the-lady-from-shanghai/
800,https://letterboxd.com/film/the-stranger/
801,https://letterboxd.com/film/the-magnificent-ambersons/
802,https://letterboxd.com/film/our-mothers/
803,https://letterboxd.com/film/bull-2019/
804,https://letterboxd.com/film/citizen-kane/
805,https://letterboxd.com/film/maps-to-the-stars/
806,https://letterboxd.com/film/cosmopolis/
807,https://letterboxd.com/film/bad-education-2019/
808,https://letterboxd.com/film/sea-fever-2019/
809,https://letterboxd.com/film/a-dangerous-method/
810,https://letterboxd.com/film/eastern-promises/
811,https://letterboxd.com/film/a-history-of-violence/
812,https://letterboxd.com/film/selah-and-the-spades/
813,https://letterboxd.com/film/blow-the-man-down/
814,https://letterboxd.com/film/spider/
815,https://letterboxd.com/film/existenz/
816,https://letterboxd.com/film/crash/
817,https://letterboxd.com/film/the-exorcist/
818,https://letterboxd.com/film/lost-girls-2020/
819,https://letterboxd.com/film/sorry-we-missed-you/
820,https://letterboxd.com/film/the-way-back-2020/
821,https://letterboxd.com/film/m-butterfly/
822,https://letterboxd.com/film/naked-lunch/
823,https://letterboxd.com/film/dead-ringers/
824,https://letterboxd.com/film/the-whistlers/
825,https://letterboxd.com/film/color-out-of-space/
826,https://letterboxd.com/film/the-fly-1986/
827,https://letterboxd.com/film/the-dead-zone/
828,https://letterboxd.com/film/videodrome/
829,https://letterboxd.com/film/weathering-with-you/
830,https://letterboxd.com/film/the-nest-2020/
831,https://letterboxd.com/film/scanners/
832,https://letterboxd.com/film/the-brood/
833,https://letterboxd.com/film/fast-company/
834,https://letterboxd.com/film/black-bear/
835,https://letterboxd.com/film/shirley-2020/
836,https://letterboxd.com/film/rabid/
837,https://letterboxd.com/film/shivers/
838,https://letterboxd.com/film/crimes-of-the-future/
839,https://letterboxd.com/film/kindred-2020/
840,https://letterboxd.com/film/the-conjuring-the-devil-made-me-do-it/
841,https://letterboxd.com/film/stereo-tile-3b-of-a-caee-educational-mosaic/
842,https://letterboxd.com/film/the-voice-of-the-moon/
843,https://letterboxd.com/film/intervista/
844,https://letterboxd.com/film/im-your-woman/
845,https://letterboxd.com/film/never-rarely-sometimes-always/
846,https://letterboxd.com/film/ginger-and-fred/
847,https://letterboxd.com/film/and-the-ship-sails-on/
848,https://letterboxd.com/film/city-of-women/
849,https://letterboxd.com/film/eurovision-song-contest-the-story-of-fire-saga/
850,https://letterboxd.com/film/tenet/
851,https://letterboxd.com/film/orchestra-rehearsal/
852,https://letterboxd.com/film/fellinis-casanova/
853,https://letterboxd.com/film/amarcord/
854,https://letterboxd.com/film/mayor/
855,https://letterboxd.com/film/the-old-guard-2020/
856,https://letterboxd.com/film/roma/
857,https://letterboxd.com/film/the-clowns/
858,https://letterboxd.com/film/fellini-satyricon/
